fecha,year,month,disponibilidad,demanda_maxima,afectacion,deficit,respaldo,horario_pico,unidades_averia,unidades_mantenimiento,limitacion_termica,motores_impacto
2022-12-02 10:34:00,2022,diciembre,2235.0,3170.0,1005.0,935.0,0,0,4,0,313.0,918.0
2022-12-03 10:41:00,2022,diciembre,2419.0,3080.0,731.0,661.0,0,82,5,2,271.0,915.0
2022-12-05 08:38:00,2022,diciembre,2511.0,2900.0,659.0,389.0,1,79,3,2,273.0,902.0
2022-12-06 08:46:00,2022,diciembre,2533.0,2900.0,437.0,367.0,1,79,6,2,449.0,871.0
2022-12-07 09:10:00,2022,diciembre,2632.0,2750.0,188.0,118.0,0,0,7,2,371.0,903.0
2022-12-08 08:53:00,2022,diciembre,2424.0,2750.0,396.0,326.0,1,0,7,2,308.0,886.0
2022-12-11 09:06:00,2022,diciembre,2620.0,2700.0,150.0,80.0,1,64,6,4,355.0,871.0
2022-12-12 08:42:00,2022,diciembre,2740.0,2750.0,80.0,10.0,0,64,6,4,305.0,876.0
2022-12-13 08:46:00,2022,diciembre,2474.0,2750.0,346.0,276.0,0,64,7,4,209.0,872.0
2022-12-14 08:42:00,2022,diciembre,2583.0,2780.0,267.0,197.0,0,64,7,2,309.0,880.0
2023-01-05 08:19:00,2023,enero,2688.0,2760.0,142.0,72.0,0,64,8,3,262.0,897.0
2023-01-06 09:08:00,2023,enero,2585.0,2700.0,185.0,115.0,0,82,7,4,284.0,888.0
2023-01-09 08:59:00,2023,enero,2555.0,2750.0,265.0,195.0,0,82,5,6,348.0,900.0
2023-01-10 09:02:00,2023,enero,2602.0,2650.0,118.0,48.0,0,82,5,6,360.0,832.0
2023-01-11 08:06:00,2023,enero,2585.0,2680.0,165.0,95.0,0,64,5,6,361.0,822.0
2023-01-13 09:02:00,2023,enero,2496.0,2600.0,174.0,104.0,1,79,6,6,332.0,796.0
2023-01-17 07:56:00,2023,enero,2637.0,2640.0,70.0,3.0,0,59,6,6,316.0,800.0
2023-01-23 10:09:00,2023,enero,2386.0,2780.0,464.0,394.0,0,79,7,4,805.0,823.0
2023-01-24 09:42:00,2023,enero,2289.0,2800.0,581.0,511.0,0,61,8,4,179.0,824.0
2023-01-25 08:18:00,2023,enero,2455.0,2900.0,515.0,445.0,0,59,6,5,172.0,832.0
2023-01-26 09:20:00,2023,enero,2627.0,2850.0,293.0,223.0,0,79,6,5,290.0,826.0
2023-01-27 08:39:00,2023,enero,2638.0,2780.0,212.0,142.0,0,64,6,5,305.0,809.0
2023-02-02 09:11:00,2023,febrero,2756.0,2780.0,94.0,24.0,0,47,8,3,262.0,816.0
2023-02-06 09:11:00,2023,febrero,2723.0,2800.0,147.0,77.0,0,64,6,4,260.0,833.0
2023-02-08 09:13:00,2023,febrero,2658.0,2775.0,187.0,117.0,0,79,3,2,301.0,858.0
2023-02-09 08:14:00,2023,febrero,2585.0,2800.0,285.0,215.0,0,59,7,4,202.0,865.0
2023-02-10 08:37:00,2023,febrero,2573.0,2780.0,277.0,207.0,0,73,8,3,162.0,922.0
2023-02-11 10:21:00,2023,febrero,2475.0,2800.0,395.0,325.0,0,56,8,3,271.0,868.0
2023-02-12 09:22:00,2023,febrero,2647.0,2700.0,123.0,53.0,0,79,6,2,278.0,820.0
2023-02-13 08:25:00,2023,febrero,2668.0,2780.0,182.0,112.0,0,59,6,2,284.0,859.0
2023-02-14 09:11:00,2023,febrero,2739.0,2790.0,121.0,51.0,0,79,6,3,313.0,795.0
2023-02-15 08:50:00,2023,febrero,2623.0,2750.0,197.0,127.0,0,64,6,3,328.0,838.0
2023-02-17 08:34:00,2023,febrero,2737.0,2760.0,93.0,23.0,0,79,5,3,422.0,821.0
2023-02-18 08:42:00,2023,febrero,2670.0,2700.0,100.0,30.0,0,0,6,3,235.0,843.0
2023-02-19 09:55:00,2023,febrero,2635.0,2680.0,115.0,45.0,0,64,4,2,383.0,833.0
2023-02-20 08:09:00,2023,febrero,2674.0,2770.0,166.0,96.0,1,79,5,3,380.0,876.0
2023-02-21 10:32:00,2023,febrero,2303.0,2800.0,567.0,497.0,1,79,7,4,258.0,866.0
2023-02-22 09:13:00,2023,febrero,2451.0,2865.0,484.0,414.0,0,82,8,4,218.0,869.0
2023-02-23 08:35:00,2023,febrero,2456.0,2850.0,464.0,394.0,0,79,0,2,365.0,913.0
2023-02-24 07:53:00,2023,febrero,2322.0,2850.0,598.0,528.0,0,79,3,4,167.0,849.0
2023-02-25 08:59:00,2023,febrero,2435.0,2800.0,435.0,365.0,0,13,0,2,172.0,903.0
2023-02-26 09:49:00,2023,febrero,2376.0,2700.0,324.0,324.0,0,13,0,2,192.0,887.0
2023-02-27 08:22:00,2023,febrero,2346.0,2855.0,579.0,509.0,0,79,0,2,166.0,904.0
2023-02-28 08:11:00,2023,febrero,2415.0,2830.0,485.0,415.0,0,79,0,2,204.0,885.0
2023-03-02 08:46:00,2023,marzo,2655.0,2780.0,195.0,125.0,0,80,0,0,244.0,882.0
2023-03-03 09:44:00,2023,marzo,2541.0,2800.0,329.0,259.0,0,13,0,2,214.0,920.0
2023-03-05 09:08:00,2023,marzo,2620.0,2700.0,150.0,80.0,1,42,0,2,250.0,911.9
2023-03-06 08:49:00,2023,marzo,2434.0,2860.0,496.0,426.0,0,82,0,2,206.0,924.0
2023-03-07 08:57:00,2023,marzo,2277.0,2860.0,653.0,583.0,0,69,0,2,237.0,933.0
2023-03-08 09:01:00,2023,marzo,2295.0,2880.0,655.0,585.0,0,82,2,2,212.0,903.0
2023-03-09 09:01:00,2023,marzo,2165.0,2885.0,790.0,720.0,0,0,5,3,165.0,940.0
2023-03-10 09:04:00,2023,marzo,2260.0,2885.0,695.0,625.0,0,73,2,2,195.0,903.0
2023-03-11 10:16:00,2023,marzo,2340.0,2820.0,550.0,480.0,0,13,3,3,224.0,909.0
2023-03-12 10:43:00,2023,marzo,2518.0,2700.0,252.0,182.0,0,11,0,2,236.0,910.0
2023-03-13 09:38:00,2023,marzo,2550.0,2750.0,270.0,200.0,0,82,0,2,276.0,916.0
2023-03-14 09:19:00,2023,marzo,2250.0,2800.0,620.0,550.0,0,18,5,3,253.0,965.0
2023-03-15 08:57:00,2023,marzo,2260.0,2800.0,610.0,540.0,0,64,0,2,373.0,935.0
2023-03-16 07:53:00,2023,marzo,2690.0,2800.0,180.0,110.0,0,7,3,3,318.0,883.0
2023-04-01 09:06:00,2023,abril,2576.0,2650.0,144.0,74.0,0,12,0,4,234.0,843.0
2023-04-02 09:31:00,2023,abril,2460.0,2620.0,230.0,160.0,1,10,5,4,293.0,894.0
2023-04-03 08:22:00,2023,abril,2640.0,2720.0,150.0,80.0,0,64,2,4,275.0,921.0
2023-04-04 10:01:00,2023,abril,2583.0,2750.0,237.0,167.0,0,64,3,4,331.0,887.0
2023-04-05 08:54:00,2023,abril,2630.0,2680.0,120.0,50.0,0,82,3,4,221.0,888.0
2023-04-07 08:35:00,2023,abril,2594.0,2700.0,176.0,106.0,0,64,4,4,281.0,903.0
2023-04-10 08:36:00,2023,abril,2225.0,2700.0,550.0,475.0,0,2,0,2,291.0,968.0
2023-04-11 09:01:00,2023,abril,2270.0,2650.0,450.0,380.0,0,82,0,0,398.0,916.0
2023-04-12 09:40:00,2023,abril,2176.0,2820.0,714.0,644.0,0,22,0,0,259.0,909.0
2023-04-13 08:35:00,2023,abril,2260.0,2800.0,610.0,540.0,0,1,0,0,261.0,926.0
2023-04-15 09:06:00,2023,abril,2220.0,2800.0,650.0,580.0,0,22,0,0,284.0,920.0
2023-04-16 10:59:00,2023,abril,2548.0,2700.0,222.0,152.0,0,21,0,2,306.0,930.0
2023-04-18 09:05:00,2023,abril,2220.0,2750.0,600.0,530.0,0,82,3,5,326.0,958.0
2023-04-19 09:10:00,2023,abril,2400.0,2700.0,370.0,300.0,0,22,3,5,288.0,902.0
2023-04-20 08:23:00,2023,abril,2160.0,2680.0,590.0,520.0,0,73,4,4,280.0,919.0
2023-04-21 09:21:00,2023,abril,2445.0,2720.0,345.0,275.0,0,82,3,5,265.0,868.0
2023-04-24 08:27:00,2023,abril,2460.0,2700.0,310.0,240.0,0,47,0,3,237.0,928.0
2023-04-25 08:32:00,2023,abril,2500.0,2750.0,320.0,250.0,0,0,0,0,289.0,844.0
2023-04-26 09:02:00,2023,abril,2487.0,2720.0,303.0,233.0,0,47,2,5,288.0,899.0
2023-04-27 08:40:00,2023,abril,2223.0,2880.0,727.0,657.0,0,82,0,3,346.0,905.0
2023-04-28 08:34:00,2023,abril,2200.0,2885.0,755.0,685.0,0,0,0,3,247.0,848.0
2023-04-29 08:39:00,2023,abril,2462.0,2920.0,528.0,458.0,0,74,0,3,369.0,875.6
2023-04-30 09:10:00,2023,abril,2640.0,2750.0,180.0,110.0,0,23,0,3,327.0,873.0
2023-05-01 09:06:00,2023,mayo,2520.0,2670.0,220.0,150.0,0,82,2,4,327.0,876.0
2023-05-02 08:16:00,2023,mayo,2615.0,2750.0,205.0,135.0,0,47,2,4,348.0,881.0
2023-05-03 08:34:00,2023,mayo,2516.0,2760.0,314.0,244.0,0,47,0,0,191.0,894.0
2023-05-04 08:43:00,2023,mayo,2656.0,2790.0,204.0,134.0,0,56,0,0,213.0,923.0
2023-05-06 09:09:00,2023,mayo,2624.0,2750.0,196.0,126.0,0,22,0,2,362.0,905.0
2023-05-07 09:56:00,2023,mayo,2604.0,2750.0,214.0,144.0,0,22,0,2,348.0,918.0
2023-05-08 10:44:00,2023,mayo,2590.0,2755.0,235.0,165.0,0,0,0,2,254.0,993.0
2023-05-09 09:09:00,2023,mayo,2657.0,2680.0,93.0,23.0,0,47,0,2,364.0,945.0
2023-05-10 08:36:00,2023,mayo,2565.0,2680.0,185.0,115.0,0,0,0,2,300.0,998.0
2023-05-11 08:50:00,2023,mayo,2566.0,2680.0,184.0,114.0,0,47,0,2,324.0,985.0
2023-05-12 09:26:00,2023,mayo,2570.0,2680.0,180.0,110.0,0,82,0,2,391.0,989.0
2023-05-18 08:54:00,2023,mayo,2566.0,2650.0,154.0,84.0,0,82,2,5,297.0,933.0
2023-05-20 09:07:00,2023,mayo,2630.0,2650.0,90.0,20.0,0,47,0,2,330.0,871.0
2023-05-22 08:33:00,2023,mayo,2304.0,2850.0,616.0,546.0,0,47,5,0,246.0,980.0
2023-05-23 08:37:00,2023,mayo,2450.0,2850.0,470.0,400.0,0,0,5,0,279.0,887.0
2023-05-24 08:48:00,2023,mayo,2325.0,2850.0,595.0,525.0,0,64,4,0,237.0,958.0
2023-05-25 09:03:00,2023,mayo,2430.0,2750.0,390.0,320.0,0,47,5,2,358.0,961.0
2023-05-26 08:09:00,2023,mayo,2340.0,2700.0,430.0,360.0,0,47,4,0,352.0,926.0
2023-05-27 10:57:00,2023,mayo,2307.0,2800.0,563.0,493.0,0,64,0,0,331.0,936.0
2023-05-28 09:05:00,2023,mayo,2345.0,2650.0,375.0,305.0,0,0,3,2,441.0,922.0
2023-05-29 08:23:00,2023,mayo,2325.0,2900.0,645.0,575.0,0,47,0,0,322.0,979.0
2023-05-30 08:21:00,2023,mayo,2400.0,2900.0,575.0,500.0,0,0,0,0,365.0,975.0
2023-05-31 08:50:00,2023,mayo,2426.0,2700.0,344.0,274.0,0,82,0,0,365.0,957.0
2023-06-01 09:07:00,2023,junio,2562.0,2650.0,150.0,88.0,0,0,0,0,358.0,960.0
2023-06-02 08:25:00,2023,junio,2580.0,2650.0,140.0,70.0,0,82,2,3,232.0,1004.0
2023-06-06 08:48:00,2023,junio,2674.0,2750.0,145.0,76.0,0,82,0,0,394.0,1265.0
2023-06-07 08:28:00,2023,junio,2619.0,2700.0,151.0,81.0,0,0,0,0,201.0,964.0
2023-06-11 09:24:00,2023,junio,2434.0,2750.0,386.0,316.0,0,47,0,2,263.0,941.4
2023-06-12 09:09:00,2023,junio,2524.0,2750.0,296.0,226.0,1,0,0,0,234.0,986.0
2023-06-13 08:30:00,2023,junio,2553.0,2800.0,317.0,247.0,0,82,0,0,197.0,981.0
2023-06-14 09:08:00,2023,junio,2439.0,3000.0,631.0,561.0,0,47,0,0,187.0,976.0
2023-06-15 08:55:00,2023,junio,2488.0,3120.0,702.0,632.0,1,43,3,2,223.0,968.0
2023-06-16 09:30:00,2023,junio,2485.0,3150.0,735.0,665.0,0,63,0,0,229.0,950.0
2023-06-17 09:14:00,2023,junio,2681.0,3150.0,539.0,469.0,0,57,3,2,313.0,928.0
2023-06-19 09:03:00,2023,junio,2780.0,3100.0,390.0,320.0,0,82,0,0,305.0,970.3
2023-06-20 09:04:00,2023,junio,2980.0,3000.0,90.0,20.0,0,80,0,0,309.0,935.6
2023-06-21 08:55:00,2023,junio,2580.0,3050.0,540.0,470.0,1,0,0,0,404.0,937.0
2023-06-22 09:53:00,2023,junio,2792.0,3000.0,278.0,208.0,0,82,0,0,414.0,908.0
2023-06-23 08:34:00,2023,junio,2720.0,3050.0,400.0,330.0,1,0,0,0,378.0,914.0
2023-06-24 08:27:00,2023,junio,2816.0,3000.0,254.0,184.0,1,0,0,0,399.0,898.0
2023-06-25 08:56:00,2023,junio,2800.0,2900.0,170.0,100.0,0,56,2,2,412.0,936.0
2023-07-13 09:16:00,2023,julio,2854.0,3000.0,216.0,146.0,0,0,0,2,438.0,988.0
2023-07-19 08:21:00,2023,julio,2768.0,2850.0,152.0,82.0,0,82,0,0,369.0,932.0
2023-07-21 09:07:00,2023,julio,2931.0,3000.0,139.0,69.0,0,31,0,0,472.0,1070.0
2023-08-02 08:35:00,2023,agosto,2891.0,3000.0,179.0,109.0,0,64,0,0,418.0,911.0
2023-08-03 08:25:00,2023,agosto,2894.0,2930.0,106.0,36.0,0,64,0,0,428.0,917.0
2023-08-07 08:43:00,2023,agosto,2998.0,3000.0,70.0,2.0,0,64,0,0,365.0,916.0
2023-08-09 08:46:00,2023,agosto,2650.0,3080.0,500.0,430.0,0,0,5,1,308.0,993.0
2023-08-10 09:14:00,2023,agosto,2742.0,3150.0,478.0,408.0,0,82,0,0,376.0,1055.0
2023-08-11 09:09:00,2023,agosto,3059.0,3100.0,111.0,41.0,0,0,0,0,361.0,1019.0
2023-08-14 08:08:00,2023,agosto,2935.0,3000.0,135.0,65.0,0,0,0,0,393.0,1054.0
2023-08-15 08:43:00,2023,agosto,2857.0,3000.0,213.0,143.0,0,0,0,0,376.0,992.0
2023-08-16 09:02:00,2023,agosto,2835.0,2950.0,185.0,115.0,0,82,0,0,418.0,951.0
2023-08-17 10:05:00,2023,agosto,2820.0,2950.0,200.0,130.0,0,84,4,1,406.0,934.0
2023-08-18 11:21:00,2023,agosto,2835.0,2950.0,185.0,115.0,0,64,0,0,355.0,977.0
2023-08-21 10:03:00,2023,agosto,2974.0,2980.0,76.0,6.0,0,47,0,0,571.0,914.0
2023-08-22 08:51:00,2023,agosto,2843.0,2900.0,127.0,57.0,0,47,0,0,418.0,954.0
2023-08-24 10:34:00,2023,agosto,2790.0,2800.0,80.0,10.0,0,84,0,0,430.0,898.0
2023-08-26 08:09:00,2023,agosto,2644.0,2850.0,276.0,206.0,0,83,0,0,341.0,923.0
2023-09-01 08:58:00,2023,septiembre,2751.0,2950.0,269.0,199.0,0,82,0,0,356.0,945.0
2023-09-02 09:14:00,2023,septiembre,2815.0,2950.0,205.0,135.0,0,84,0,0,326.0,949.0
2023-09-04 09:15:00,2023,septiembre,2797.0,2850.0,123.0,53.0,0,47,0,0,369.0,947.0
2023-09-05 09:18:00,2023,septiembre,2573.0,2800.0,297.0,227.0,0,47,0,0,427.0,963.0
2023-09-06 08:50:00,2023,septiembre,2661.0,2850.0,259.0,189.0,0,47,0,0,408.0,1024.0
2023-09-07 09:25:00,2023,septiembre,2719.0,2850.0,201.0,131.0,0,0,0,0,485.0,1027.0
2023-09-11 08:46:00,2023,septiembre,2521.0,2850.0,399.0,329.0,0,0,0,0,573.0,996.0
2023-09-12 09:36:00,2023,septiembre,2470.0,3180.0,780.0,710.0,0,82,0,0,355.0,1002.0
2023-09-13 08:51:00,2023,septiembre,2540.0,3150.0,680.0,610.0,0,0,0,0,452.0,1009.0
2023-09-14 09:23:00,2023,septiembre,2766.0,3050.0,354.0,284.0,0,0,0,0,361.0,907.0
2023-09-15 08:41:00,2023,septiembre,2743.0,2950.0,277.0,207.0,0,82,0,0,429.0,930.0
2023-09-16 08:21:00,2023,septiembre,2878.0,2950.0,142.0,72.0,0,82,3,1,389.0,926.0
2023-09-21 09:21:00,2023,septiembre,2558.0,3050.0,562.0,492.0,0,84,0,0,428.0,966.0
2023-09-22 09:38:00,2023,septiembre,2469.0,2900.0,505.0,431.0,0,54,0,0,355.0,917.0
2023-09-23 10:01:00,2023,septiembre,2272.0,2900.0,698.0,628.0,0,21,0,0,355.0,1001.0
2023-09-24 09:27:00,2023,septiembre,2282.0,2900.0,688.0,618.0,0,21,2,3,341.0,1019.0
2023-09-25 08:48:00,2023,septiembre,2495.0,2950.0,525.0,455.0,0,47,3,2,391.0,1007.0
2023-09-26 08:43:00,2023,septiembre,2282.0,2900.0,688.0,618.0,0,45,0,0,414.0,963.0
2023-09-27 08:29:00,2023,septiembre,2460.0,2900.0,510.0,440.0,0,22,2,0,383.0,966.0
2023-09-28 09:16:00,2023,septiembre,2430.0,2950.0,590.0,520.0,0,48,0,0,684.0,934.0
2023-09-29 09:46:00,2023,septiembre,2370.0,2850.0,550.0,480.0,0,47,2,2,572.0,885.0
2023-10-01 08:41:00,2023,octubre,2285.0,2800.0,585.0,515.0,0,0,3,2,424.0,933.0
2023-10-02 08:46:00,2023,octubre,2180.0,3000.0,890.0,820.0,0,82,2,1,442.0,904.0
2023-10-03 08:41:00,2023,octubre,2424.0,3000.0,646.0,576.0,0,0,0,0,421.0,883.0
2023-10-04 09:14:00,2023,octubre,2430.0,2850.0,490.0,420.0,0,47,0,0,473.0,842.0
2023-10-06 08:46:00,2023,octubre,2560.0,2900.0,410.0,340.0,0,47,0,0,494.0,793.0
2023-10-08 08:27:00,2023,octubre,2400.0,2860.0,530.0,460.0,0,16,3,0,383.0,814.0
2023-10-09 08:37:00,2023,octubre,2260.0,3000.0,810.0,740.0,0,82,3,2,492.0,837.0
2023-10-11 10:07:00,2023,octubre,2097.0,3000.0,973.0,903.0,0,0,4,3,353.0,835.0
2023-10-12 08:58:00,2023,octubre,2585.0,2980.0,465.0,395.0,0,0,0,3,447.0,882.0
2023-10-13 09:26:00,2023,octubre,2627.0,3000.0,443.0,373.0,0,47,0,2,357.0,858.0
2023-10-14 09:27:00,2023,octubre,2727.0,2900.0,243.0,173.0,0,0,2,2,391.0,851.0
2023-10-15 08:43:00,2023,octubre,2686.0,2800.0,184.0,114.0,0,82,0,2,359.0,845.0
2023-10-16 08:38:00,2023,octubre,2557.0,2950.0,463.0,393.0,0,82,0,2,404.0,895.0
2023-10-17 09:36:00,2023,octubre,2575.0,2880.0,375.0,305.0,0,79,4,2,423.0,889.0
2023-10-20 10:10:00,2023,octubre,2613.0,2680.0,137.0,67.0,0,82,0,2,401.0,866.0
2023-11-01 09:48:00,2023,noviembre,2540.0,2700.0,230.0,160.0,0,47,2,5,232.0,818.0
2023-11-04 08:23:00,2023,noviembre,2315.0,2630.0,385.0,315.0,0,82,0,2,288.0,842.0
2023-11-05 08:47:00,2023,noviembre,2226.0,2700.0,544.0,474.0,0,0,0,0,292.0,832.0
2023-11-06 08:43:00,2023,noviembre,2500.0,2700.0,270.0,200.0,0,47,0,2,348.0,830.0
2023-11-08 09:21:00,2023,noviembre,2416.0,2770.0,424.0,354.0,0,0,0,2,386.0,845.0
2023-11-09 09:29:00,2023,noviembre,2376.0,2800.0,494.0,424.0,0,82,0,0,435.0,846.0
2023-11-10 10:17:00,2023,noviembre,2136.0,3000.0,934.0,864.0,0,5,0,2,312.0,837.0
2023-11-11 08:26:00,2023,noviembre,2245.0,3100.0,925.0,855.0,0,82,0,0,383.0,832.0
2023-11-12 08:52:00,2023,noviembre,2100.0,3100.0,1070.0,1000.0,0,6,2,2,374.0,829.0
2023-11-13 09:11:00,2023,noviembre,2285.0,3000.0,785.0,715.0,0,64,2,2,423.0,838.0
2023-11-14 09:27:00,2023,noviembre,2658.0,3050.0,462.0,392.0,0,56,0,0,354.0,829.0
2023-11-16 08:42:00,2023,noviembre,2695.0,2780.0,155.0,85.0,0,0,3,2,345.0,839.0
2023-11-20 09:32:00,2023,noviembre,2786.0,2800.0,14.0,14.0,0,47,2,3,379.0,799.0
2023-11-21 09:49:00,2023,noviembre,2590.0,2800.0,280.0,210.0,0,63,0,0,330.0,803.0
2023-11-22 09:08:00,2023,noviembre,2667.0,2850.0,253.0,183.0,0,0,4,3,251.0,785.0
2023-11-23 08:59:00,2023,noviembre,2651.0,2850.0,269.0,199.0,0,47,5,3,226.0,778.0
2023-11-24 08:49:00,2023,noviembre,2707.0,2850.0,213.0,143.0,0,0,3,3,377.0,808.0
2023-11-28 08:23:00,2023,noviembre,2587.0,2850.0,333.0,263.0,0,0,0,0,270.0,803.0
2023-11-29 09:50:00,2023,noviembre,2496.0,2780.0,354.0,284.0,0,3,4,2,261.0,813.0
2023-11-30 09:22:00,2023,noviembre,2639.0,2800.0,231.0,161.0,0,56,5,2,269.0,804.0
2023-12-02 08:01:00,2023,diciembre,2745.0,2850.0,175.0,105.0,0,4,4,2,,
2023-12-04 09:30:00,2023,diciembre,2806.0,2880.0,144.0,74.0,0,47,2,2,366.0,817.0
2023-12-05 08:35:00,2023,diciembre,2563.0,2820.0,327.0,257.0,0,0,0,3,361.0,816.0
2023-12-06 09:55:00,2023,diciembre,2495.0,2820.0,395.0,325.0,0,52,0,3,345.0,812.0
2023-12-07 09:35:00,2023,diciembre,2535.0,2780.0,315.0,245.0,0,82,0,3,346.0,813.0
2023-12-11 09:31:00,2023,diciembre,2550.0,2780.0,300.0,230.0,0,47,4,2,338.0,814.0
2023-12-13 12:11:00,2023,diciembre,2520.0,2720.0,270.0,200.0,0,3,2,0,305.0,813.0
2023-12-15 12:27:00,2023,diciembre,2597.0,2700.0,173.0,103.0,0,82,4,2,291.0,927.0
2023-12-19 10:08:00,2023,diciembre,2525.0,2620.0,165.0,95.0,0,73,0,0,343.0,813.0
2024-01-09 09:10:00,2024,enero,2648.0,2800.0,222.0,152.0,0,0,0,0,452.0,
2024-01-12 09:56:00,2024,enero,2583.0,2750.0,237.0,167.0,0,47,0,0,312.0,
2024-01-13 10:07:00,2024,enero,2099.0,2850.0,821.0,751.0,0,82,0,0,331.0,
2024-01-14 10:44:00,2024,enero,2683.0,2780.0,227.0,157.0,0,7,2,2,640.0,
2024-01-15 10:04:00,2024,enero,2640.0,2780.0,210.0,140.0,0,47,2,2,396.0,
2024-01-16 09:09:00,2024,enero,2730.0,2800.0,140.0,70.0,0,82,0,0,430.0,
2024-01-17 09:01:00,2024,enero,2220.0,2900.0,750.0,680.0,0,62,0,0,427.0,
2024-01-19 09:41:00,2024,enero,2694.0,2820.0,196.0,126.0,0,73,2,1,437.0,
2024-01-21 08:10:00,2024,enero,2585.0,2650.0,135.0,65.0,0,47,4,1,349.0,
2024-01-22 11:36:00,2024,enero,2598.0,2620.0,92.0,22.0,0,7,4,0,395.0,
2024-01-23 08:22:00,2024,enero,2569.0,2700.0,201.0,131.0,0,65,3,1,390.0,
2024-01-24 08:36:00,2024,enero,2450.0,2700.0,320.0,250.0,0,-1,4,0,474.0,
2024-01-25 09:45:00,2024,enero,2355.0,2900.0,615.0,545.0,0,7,3,0,375.0,
2024-01-26 09:32:00,2024,enero,2060.0,3000.0,1010.0,940.0,0,82,0,0,318.0,
2024-01-27 08:24:00,2024,enero,2180.0,3000.0,890.0,820.0,0,47,0,0,388.0,
2024-02-01 10:47:00,2024,febrero,2192.0,2700.0,578.0,508.0,0,7,4,1,331.0,
2024-02-02 09:08:00,2024,febrero,2208.0,2700.0,562.0,492.0,0,82,0,0,413.0,
2024-02-03 08:34:00,2024,febrero,1970.0,2700.0,800.0,730.0,0,47,0,0,263.0,
2024-02-04 09:51:00,2024,febrero,1935.0,2800.0,940.0,865.0,0,9,0,0,292.0,
2024-02-05 09:09:00,2024,febrero,1975.0,2850.0,945.0,875.0,0,82,2,0,283.0,
2024-02-06 09:09:00,2024,febrero,1965.0,2750.0,855.0,785.0,0,0,0,0,352.0,
2024-02-07 13:09:00,2024,febrero,1910.0,2700.0,860.0,790.0,0,0,2,0,267.0,
2024-02-08 09:24:00,2024,febrero,2070.0,2750.0,750.0,680.0,0,7,0,0,267.0,
2024-02-09 10:44:00,2024,febrero,1945.0,2800.0,925.0,855.0,0,47,3,3,360.0,
2024-02-10 09:56:00,2024,febrero,2115.0,2800.0,755.0,685.0,0,56,0,0,486.0,
2024-02-11 09:41:00,2024,febrero,2005.0,2650.0,715.0,645.0,0,82,0,0,389.0,
2024-02-12 09:22:00,2024,febrero,1937.0,2900.0,1033.0,963.0,0,7,1,3,417.0,
2024-02-13 09:13:00,2024,febrero,1742.0,3050.0,1378.0,1308.0,0,82,0,0,338.0,
2024-02-14 08:31:00,2024,febrero,2173.0,3100.0,997.0,927.0,0,47,0,0,450.0,1096.0
2024-02-15 09:13:00,2024,febrero,2117.0,2850.0,803.0,733.0,0,0,0,0,463.0,972.0
2024-02-16 10:35:00,2024,febrero,2045.0,2900.0,925.0,855.0,0,47,0,0,409.0,980.0
2024-02-17 09:51:00,2024,febrero,2190.0,3100.0,980.0,910.0,0,73,0,0,409.0,1105.0
2024-02-18 09:46:00,2024,febrero,2063.0,2950.0,957.0,887.0,0,47,0,0,404.0,742.0
2024-02-19 10:37:00,2024,febrero,2115.0,2850.0,805.0,735.0,0,47,2,3,359.0,924.0
2024-02-20 08:52:00,2024,febrero,2121.0,2720.0,669.0,599.0,0,82,0,0,382.0,916.0
2024-02-21 09:03:00,2024,febrero,2050.0,2700.0,720.0,650.0,0,56,0,0,456.0,1010.0
2024-02-22 09:20:00,2024,febrero,1997.0,2800.0,873.0,803.0,0,9,0,2,362.0,865.0
2024-02-23 09:10:00,2024,febrero,1946.0,2760.0,884.0,814.0,0,0,0,0,387.0,845.0
2024-02-24 09:05:00,2024,febrero,1915.0,2750.0,905.0,835.0,0,0,4,0,380.0,965.0
2024-02-26 09:05:00,2024,febrero,1952.0,2820.0,938.0,868.0,0,47,3,2,445.0,1039.0
2024-02-27 09:25:00,2024,febrero,1947.0,2950.0,1073.0,1003.0,0,47,0,0,507.0,1242.0
2024-02-28 09:02:00,2024,febrero,1865.0,3050.0,1255.0,1185.0,0,56,0,2,392.0,1307.0
2024-03-03 09:14:00,2024,marzo,2095.0,3000.0,975.0,905.0,0,11,0,0,327.0,735.0
2024-03-04 09:37:00,2024,marzo,1995.0,3120.0,1195.0,1125.0,0,82,0,0,335.0,757.0
2024-03-05 09:21:00,2024,marzo,2040.0,3150.0,1180.0,1110.0,0,47,0,0,322.0,877.0
2024-03-06 09:09:00,2024,marzo,2045.0,3190.0,1215.0,1145.0,0,56,0,0,363.0,644.0
2024-03-07 11:04:00,2024,marzo,1940.0,3150.0,1280.0,1210.0,0,47,0,0,317.0,810.0
2024-03-08 10:41:00,2024,marzo,1854.0,3200.0,1416.0,1346.0,0,47,4,2,326.0,852.0
2024-03-09 08:56:00,2024,marzo,2112.0,3300.0,1258.0,1188.0,0,47,0,0,304.0,869.0
2024-03-10 09:35:00,2024,marzo,2055.0,3100.0,1115.0,1045.0,0,82,0,0,369.0,693.0
2024-03-11 09:24:00,2024,marzo,1975.0,3200.0,1295.0,1225.0,0,20,0,0,304.0,755.0
2024-03-11 09:24:00,2024,marzo,1975.0,3200.0,1295.0,1225.0,0,20,0,0,304.0,755.0
2024-03-12 09:05:00,2024,marzo,2165.0,3200.0,1105.0,1035.0,0,21,0,0,356.0,615.0
2024-03-13 08:50:00,2024,marzo,2000.0,3200.0,1270.0,1200.0,0,47,0,0,403.0,608.0
2024-03-14 09:01:00,2024,marzo,2000.0,3270.0,1340.0,1270.0,0,47,1,3,402.0,610.0
2024-03-15 08:31:00,2024,marzo,1975.0,3250.0,1345.0,1275.0,0,56,0,0,426.0,690.0
2024-03-16 09:50:00,2024,marzo,1911.0,3300.0,1459.0,1389.0,0,82,0,0,370.0,845.0
2024-03-17 09:14:00,2024,marzo,2105.0,3300.0,1265.0,1195.0,0,25,0,0,398.0,867.0
2024-03-18 10:06:00,2024,marzo,2299.0,3250.0,1021.0,951.0,0,63,0,0,451.0,826.0
2024-03-19 09:54:00,2024,marzo,2261.0,3300.0,1109.0,1039.0,0,82,0,0,520.0,1014.0
2024-03-20 09:37:00,2024,marzo,2180.0,3050.0,940.0,870.0,0,73,2,2,457.0,518.0
2024-03-21 09:43:00,2024,marzo,2340.0,2850.0,570.0,510.0,0,73,0,0,476.0,710.0
2024-03-22 09:32:00,2024,marzo,2154.0,2850.0,766.0,696.0,0,82,0,0,443.0,612.0
2024-03-23 08:41:00,2024,marzo,2395.0,2700.0,375.0,305.0,0,21,5,3,260.0,444.0
2024-03-24 09:10:00,2024,marzo,2405.0,2600.0,265.0,195.0,0,19,5,2,138.0,460.0
2024-03-25 09:12:00,2024,marzo,2500.0,2700.0,270.0,200.0,0,82,3,2,365.0,360.0
2024-03-26 10:14:00,2024,marzo,2555.0,2660.0,175.0,105.0,0,0,0,0,333.0,347.0
2024-03-27 09:52:00,2024,marzo,2540.0,2700.0,230.0,160.0,0,0,0,0,328.0,487.0
2024-03-28 09:36:00,2024,marzo,2140.0,2700.0,630.0,560.0,0,0,0,0,341.0,776.0
2024-03-29 08:15:00,2024,marzo,2413.0,2700.0,357.0,287.0,0,47,2,2,444.0,880.0
2024-03-30 08:59:00,2024,marzo,2448.0,2550.0,172.0,102.0,0,56,3,2,349.0,524.0
2024-04-01 09:09:00,2024,abril,2535.0,2600.0,135.0,65.0,0,47,0,0,462.0,517.0
2024-04-02 08:55:00,2024,abril,2475.0,2700.0,295.0,225.0,0,82,0,0,426.0,542.0
2024-04-03 09:03:00,2024,abril,2306.0,2820.0,584.0,514.0,0,56,4,0,395.0,587.0
2024-04-04 08:07:00,2024,abril,2600.0,2750.0,220.0,150.0,0,21,0,0,448.0,472.0
2024-04-08 09:09:00,2024,abril,2470.0,2650.0,250.0,180.0,0,0,0,0,551.0,138.0
2024-04-09 09:05:00,2024,abril,2426.0,2550.0,194.0,124.0,0,82,0,2,367.0,176.0
2024-04-10 09:17:00,2024,abril,2396.0,2720.0,394.0,324.0,0,0,0,1,358.0,321.0
2024-04-11 08:31:00,2024,abril,2315.0,2780.0,535.0,465.0,0,22,0,1,367.0,397.0
2024-04-12 07:56:00,2024,abril,2495.0,2900.0,475.0,405.0,0,0,0,2,384.0,468.0
2024-04-18 12:10:00,2024,abril,2438.0,2650.0,282.0,212.0,0,0,0,2,439.0,
2024-04-19 08:21:00,2024,abril,2315.0,2600.0,355.0,285.0,0,47,0,2,345.0,205.0
2024-04-20 09:33:00,2024,abril,2460.0,2750.0,360.0,290.0,0,47,0,0,356.0,328.0
2024-04-22 09:20:00,2024,abril,2388.0,2800.0,482.0,412.0,0,64,0,0,351.0,279.0
2024-04-23 09:18:00,2024,abril,2374.0,2820.0,516.0,446.0,0,47,4,3,346.0,271.0
2024-04-24 09:12:00,2024,abril,2420.0,2840.0,490.0,420.0,0,0,3,3,396.0,205.0
2024-04-25 09:20:00,2024,abril,2466.0,2750.0,354.0,284.0,0,47,2,3,438.0,165.0
2024-04-27 08:06:00,2024,abril,2326.0,2650.0,394.0,324.0,0,56,0,0,425.0,185.0
2024-04-28 08:43:00,2024,abril,2400.0,2620.0,290.0,220.0,0,21,0,0,427.0,172.0
2024-04-29 09:10:00,2024,abril,2420.0,2680.0,330.0,260.0,0,82,0,0,430.0,226.0
2024-04-30 10:44:00,2024,abril,2385.0,2700.0,385.0,315.0,0,73,0,0,434.0,222.0
2024-05-01 08:07:00,2024,mayo,2367.0,2750.0,453.0,383.0,0,23,4,4,414.0,284.0
2024-05-02 08:32:00,2024,mayo,2225.0,2750.0,595.0,525.0,0,73,0,0,482.0,344.0
2024-05-03 09:02:00,2024,mayo,2260.0,2900.0,710.0,640.0,0,47,0,0,462.0,296.0
2024-05-04 09:28:00,2024,mayo,2370.0,2750.0,450.0,380.0,0,53,0,0,421.0,318.0
2024-05-05 14:20:00,2024,mayo,2220.0,2850.0,700.0,630.0,0,82,0,0,409.0,224.0
2024-05-06 08:56:00,2024,mayo,2139.0,2950.0,881.0,811.0,0,82,0,0,442.0,268.0
2024-05-07 11:00:00,2024,mayo,2190.0,3000.0,880.0,810.0,0,0,0,2,367.0,42.0
2024-05-08 10:04:00,2024,mayo,2310.0,3050.0,810.0,740.0,0,0,1,5,403.0,290.0
2024-05-09 09:41:00,2024,mayo,2210.0,3150.0,1010.0,940.0,0,47,0,5,413.0,338.0
2024-05-10 09:12:00,2024,mayo,2175.0,3200.0,1095.0,1025.0,0,62,0,6,320.0,408.0
2024-05-11 08:00:00,2024,mayo,2481.0,3150.0,739.0,669.0,0,47,2,5,382.0,307.0
2024-05-12 10:05:00,2024,mayo,2510.0,3100.0,660.0,590.0,0,22,1,4,412.0,187.0
2024-05-13 09:47:00,2024,mayo,2420.0,3100.0,750.0,680.0,0,47,0,2,363.0,266.0
2024-05-14 09:05:00,2024,mayo,2275.0,3150.0,945.0,875.0,0,80,4,4,308.0,279.0
2024-05-15 10:26:00,2024,mayo,2340.0,3250.0,980.0,910.0,0,32,0,2,313.0,274.0
2024-05-16 12:05:00,2024,mayo,2489.0,3400.0,981.0,911.0,0,42,2,3,483.0,317.0
2024-05-17 10:26:00,2024,mayo,2150.0,3380.0,1300.0,1230.0,0,62,6,3,333.0,398.0
2024-05-18 09:49:00,2024,mayo,2200.0,3300.0,1170.0,1100.0,0,82,2,2,463.0,384.0
2024-05-19 09:24:00,2024,mayo,2440.0,3350.0,985.0,910.0,0,62,0,2,378.0,360.0
2024-05-20 08:40:00,2024,mayo,2445.0,3350.0,975.0,905.0,0,65,3,3,413.0,320.0
2024-05-21 09:54:00,2024,mayo,2320.0,3180.0,930.0,860.0,0,0,3,3,410.0,399.0
2024-05-22 08:44:00,2024,mayo,2320.0,2900.0,650.0,580.0,0,0,0,2,435.0,319.0
2024-05-23 08:54:00,2024,mayo,2240.0,3100.0,930.0,860.0,0,82,0,2,402.0,348.0
2024-05-24 08:59:00,2024,mayo,2405.0,3130.0,795.0,725.0,0,26,0,2,346.0,366.0
2024-05-25 08:05:00,2024,mayo,2320.0,3130.0,880.0,810.0,0,64,5,4,267.0,258.0
2024-05-26 09:00:00,2024,mayo,2235.0,3220.0,1055.0,985.0,0,0,2,4,380.0,320.0
2024-05-27 09:02:00,2024,mayo,2330.0,3300.0,1040.0,970.0,0,82,0,2,388.0,338.0
2024-05-28 08:35:00,2024,mayo,1980.0,3350.0,1440.0,1370.0,0,26,4,4,375.0,392.0
2024-05-29 08:40:00,2024,mayo,2319.0,3360.0,1111.0,1041.0,0,82,3,5,394.0,398.0
2024-05-30 08:46:00,2024,mayo,2389.0,3400.0,1081.0,1011.0,0,27,0,2,425.0,487.0
2024-06-01 08:53:00,2024,junio,2475.0,3300.0,895.0,825.0,0,56,0,2,473.0,472.0
2024-06-02 10:36:00,2024,junio,2610.0,3150.0,610.0,540.0,0,82,0,2,369.0,457.0
2024-06-03 09:12:00,2024,junio,2590.0,3200.0,680.0,610.0,0,47,0,0,414.0,458.0
2024-06-04 08:38:00,2024,junio,2608.0,3000.0,462.0,392.0,0,0,0,0,397.0,360.0
2024-06-05 09:01:00,2024,junio,2360.0,3050.0,760.0,690.0,0,0,2,3,362.0,378.0
2024-06-06 09:03:00,2024,junio,2335.0,3150.0,885.0,815.0,0,47,0,0,361.0,377.0
2024-06-07 09:52:00,2024,junio,2610.0,3000.0,460.0,390.0,0,82,2,3,359.0,170.0
2024-06-08 07:58:00,2024,junio,2370.0,2850.0,550.0,480.0,0,53,2,0,340.0,132.0
2024-06-09 09:26:00,2024,junio,2543.0,2850.0,390.0,319.0,0,-1,2,0,288.0,185.0
2024-06-10 09:10:00,2024,junio,2540.0,3000.0,530.0,460.0,0,26,0,0,330.0,249.0
2024-06-11 08:54:00,2024,junio,2445.0,2950.0,575.0,505.0,0,47,5,3,313.0,249.0
2024-06-12 09:56:00,2024,junio,2320.0,3000.0,750.0,680.0,0,0,0,0,332.0,381.0
2024-06-13 08:06:00,2024,junio,2030.0,3200.0,1240.0,1170.0,0,73,2,0,273.0,327.0
2024-06-14 10:08:00,2024,junio,2298.0,3200.0,972.0,902.0,0,0,5,3,277.0,399.0
2024-06-15 09:14:00,2024,junio,2660.0,3100.0,510.0,440.0,0,82,4,2,364.0,309.0
2024-06-16 11:01:00,2024,junio,2694.0,2950.0,326.0,256.0,0,56,0,0,339.0,98.0
2024-06-17 09:12:00,2024,junio,2560.0,2900.0,410.0,340.0,0,47,0,0,408.0,105.0
2024-06-18 08:48:00,2024,junio,2475.0,2800.0,395.0,325.0,0,47,0,0,456.0,206.0
2024-06-19 09:13:00,2024,junio,2678.0,2950.0,342.0,272.0,0,73,0,0,418.0,359.0
2024-06-20 08:27:00,2024,junio,2310.0,2950.0,710.0,640.0,0,82,0,0,476.0,579.0
2024-06-21 08:33:00,2024,junio,2420.0,2950.0,600.0,530.0,0,55,0,0,374.0,330.0
2024-06-22 10:04:00,2024,junio,2470.0,2850.0,450.0,380.0,0,47,0,0,400.0,327.0
2024-06-23 09:12:00,2024,junio,2595.0,2750.0,225.0,155.0,0,13,3,1,404.0,170.0
2024-06-24 08:12:00,2024,junio,2568.0,2750.0,252.0,182.0,0,82,0,0,556.0,324.0
2024-06-26 10:19:00,2024,junio,2473.0,2750.0,347.0,277.0,0,0,4,1,422.0,203.0
2024-06-27 09:15:00,2024,junio,2010.0,2900.0,960.0,890.0,0,82,1,0,508.0,478.0
2024-06-28 08:22:00,2024,junio,2160.0,3150.0,1060.0,990.0,0,47,0,0,416.0,435.0
2024-06-29 09:36:00,2024,junio,2310.0,3100.0,860.0,790.0,0,82,0,0,364.0,279.0
2024-06-30 09:26:00,2024,junio,2475.0,2950.0,545.0,475.0,0,0,0,0,467.0,417.0
2024-07-03 10:10:00,2024,julio,2590.0,2950.0,430.0,360.0,0,82,1,3,429.0,222.0
2024-07-04 09:48:00,2024,julio,2500.0,3100.0,670.0,600.0,0,82,0,0,429.0,264.0
2024-07-05 08:28:00,2024,julio,2688.0,3100.0,482.0,412.0,0,54,2,1,447.0,188.0
2024-07-06 09:04:00,2024,julio,2730.0,3050.0,390.0,320.0,0,24,0,0,409.0,210.0
2024-07-07 09:45:00,2024,julio,2730.0,3050.0,390.0,320.0,0,31,2,1,459.0,187.0
2024-07-08 09:40:00,2024,julio,2760.0,3040.0,350.0,280.0,1,47,2,1,456.0,89.0
2024-07-09 09:00:00,2024,julio,2830.0,3050.0,290.0,220.0,0,0,0,0,540.0,196.0
2024-07-10 09:10:00,2024,julio,2750.0,3050.0,370.0,300.0,0,0,0,0,459.0,252.0
2024-07-11 09:18:00,2024,julio,2705.0,3050.0,415.0,345.0,0,81,0,0,442.0,244.0
2024-07-12 08:54:00,2024,julio,2540.0,3100.0,630.0,560.0,0,47,0,0,359.0,218.0
2024-07-13 09:31:00,2024,julio,2497.0,3100.0,673.0,603.0,0,26,2,0,336.0,235.0
2024-07-14 09:38:00,2024,julio,2690.0,3100.0,480.0,410.0,0,56,2,0,336.0,349.0
2024-07-15 09:08:00,2024,julio,2690.0,3100.0,480.0,410.0,0,80,3,1,431.0,309.0
2024-07-16 10:46:00,2024,julio,2580.0,3050.0,540.0,470.0,0,30,3,1,450.0,216.0
2024-07-17 10:00:00,2024,julio,2580.0,3000.0,490.0,420.0,0,0,2,0,496.0,355.0
2024-07-18 09:15:00,2024,julio,2560.0,3000.0,510.0,440.0,0,0,4,1,396.0,316.0
2024-07-19 09:39:00,2024,julio,2300.0,3250.0,1020.0,950.0,0,82,0,0,410.0,448.0
2024-07-20 09:20:00,2024,julio,2590.0,3350.0,830.0,760.0,0,0,5,1,397.0,468.0
2024-07-21 10:00:00,2024,julio,2753.0,3150.0,467.0,397.0,0,26,2,0,464.0,191.0
2024-07-22 10:00:00,2024,julio,2570.0,2900.0,390.0,320.0,0,0,0,0,512.0,207.0
2024-07-23 09:53:00,2024,julio,2588.0,3100.0,582.0,512.0,0,82,0,0,460.0,315.0
2024-07-24 10:21:00,2024,julio,2720.0,3050.0,400.0,330.0,0,47,0,0,535.0,326.0
2024-07-27 09:31:00,2024,julio,2640.0,2800.0,230.0,160.0,0,56,0,0,448.0,407.0
2024-07-28 08:01:00,2024,julio,2773.0,2800.0,97.0,27.0,0,0,0,0,493.0,450.0
2024-07-30 09:25:00,2024,julio,2565.0,3150.0,655.0,585.0,0,82,0,0,435.0,404.0
2024-08-01 09:43:00,2024,agosto,2555.0,3200.0,715.0,645.0,0,47,2,0,428.0,352.0
2024-08-02 09:50:00,2024,agosto,2640.0,3180.0,610.0,540.0,0,82,3,0,474.0,408.0
2024-08-05 11:00:00,2024,agosto,2663.0,2900.0,307.0,237.0,0,47,4,0,468.0,298.0
2024-08-06 09:09:00,2024,agosto,2647.0,2950.0,373.0,303.0,0,47,4,0,459.0,276.0
2024-08-07 08:45:00,2024,agosto,2480.0,3100.0,690.0,620.0,0,29,3,0,558.0,397.0
2024-08-08 10:28:00,2024,agosto,2476.0,3150.0,744.0,674.0,0,82,2,0,444.0,349.0
2024-08-09 09:20:00,2024,agosto,2387.0,3100.0,783.0,713.0,0,0,5,0,348.0,290.0
2024-08-10 08:44:00,2024,agosto,2230.0,3000.0,840.0,770.0,0,53,4,0,231.0,361.0
2024-08-11 09:35:00,2024,agosto,2520.0,3100.0,650.0,580.0,0,82,6,0,431.0,300.0
2024-08-12 08:33:00,2024,agosto,2730.0,3050.0,390.0,320.0,0,58,0,0,424.0,264.0
2024-08-13 08:57:00,2024,agosto,2615.0,3150.0,605.0,535.0,0,82,6,0,380.0,299.0
2024-08-14 09:32:00,2024,agosto,2570.0,3050.0,550.0,480.0,0,0,4,0,456.0,175.0
2024-08-15 08:23:00,2024,agosto,2720.0,3150.0,500.0,430.0,0,73,4,0,453.0,260.0
2024-08-16 10:23:00,2024,agosto,2605.0,3200.0,665.0,595.0,0,0,0,0,664.0,297.0
2024-08-17 09:53:00,2024,agosto,2470.0,3220.0,820.0,750.0,0,0,5,0,449.0,229.0
2024-08-18 09:41:00,2024,agosto,2550.0,3100.0,620.0,550.0,0,0,4,0,492.0,174.0
2024-08-19 09:10:00,2024,agosto,2580.0,3050.0,540.0,470.0,0,0,3,0,528.0,185.0
2024-08-20 09:10:00,2024,agosto,2280.0,3150.0,940.0,870.0,1,39,5,0,398.0,202.0
2024-08-21 13:37:00,2024,agosto,2170.0,3250.0,1150.0,1080.0,0,23,4,0,403.0,170.0
2024-08-22 09:11:00,2024,agosto,2115.0,3350.0,1305.0,1235.0,0,84,4,0,357.0,183.0
2024-08-23 09:39:00,2024,agosto,2175.0,3350.0,1245.0,1175.0,0,82,7,0,312.0,196.0
2024-08-24 09:54:00,2024,agosto,2600.0,3150.0,620.0,550.0,0,0,0,0,536.0,146.0
2024-08-25 11:09:00,2024,agosto,2499.0,2900.0,471.0,401.0,0,63,1,0,432.0,214.0
2024-08-26 09:08:00,2024,agosto,2541.0,3000.0,529.0,459.0,0,77,2,0,441.0,253.0
2024-08-27 08:14:00,2024,agosto,2515.0,3050.0,595.0,535.0,0,83,4,0,515.0,213.0
2024-08-28 09:16:00,2024,agosto,2220.0,3000.0,850.0,780.0,0,0,0,0,403.0,254.0
2024-08-29 09:03:00,2024,agosto,2270.0,3000.0,800.0,730.0,0,82,4,0,424.0,207.0
2024-08-30 09:29:00,2024,agosto,2292.0,3000.0,778.0,708.0,0,0,6,0,335.0,190.0
2024-08-31 08:49:00,2024,agosto,2345.0,2950.0,675.0,605.0,0,0,2,0,397.0,214.0
2024-09-01 08:57:00,2024,septiembre,2580.0,2950.0,440.0,370.0,0,22,4,0,469.0,204.0
2024-09-02 09:08:00,2024,septiembre,2600.0,2950.0,420.0,350.0,1,0,2,0,480.0,214.0
2024-09-03 09:21:00,2024,septiembre,2360.0,2900.0,610.0,540.0,0,21,3,0,376.0,206.0
2024-09-04 09:10:00,2024,septiembre,2455.0,3050.0,665.0,595.0,0,82,6,0,352.0,280.0
2024-09-05 09:23:00,2024,septiembre,2450.0,3050.0,670.0,600.0,0,82,0,0,511.0,363.0
2024-09-06 09:16:00,2024,septiembre,2455.0,3100.0,715.0,645.0,0,0,0,0,447.0,281.0
2024-09-07 10:47:00,2024,septiembre,2495.0,3150.0,725.0,655.0,0,33,0,0,538.0,540.0
2024-09-08 09:28:00,2024,septiembre,2510.0,3000.0,560.0,490.0,0,23,0,0,533.0,550.0
2024-09-09 08:21:00,2024,septiembre,2450.0,3200.0,820.0,750.0,0,34,0,0,496.0,390.0
2024-09-10 09:49:00,2024,septiembre,2453.0,3240.0,857.0,787.0,0,22,0,0,562.0,287.0
2024-09-11 08:38:00,2024,septiembre,2650.0,3150.0,570.0,500.0,0,0,0,0,587.0,242.0
2024-09-12 08:37:00,2024,septiembre,2450.0,3100.0,720.0,650.0,0,82,0,0,586.0,280.0
2024-09-13 09:31:00,2024,septiembre,2428.0,3180.0,822.0,752.0,0,82,0,0,586.0,395.0
2024-09-14 10:16:00,2024,septiembre,2380.0,3200.0,890.0,820.0,0,0,2,0,523.0,402.0
2024-09-15 08:17:00,2024,septiembre,2410.0,3200.0,860.0,790.0,0,26,2,0,517.0,376.0
2024-09-16 08:54:00,2024,septiembre,2300.0,3200.0,970.0,900.0,0,24,0,0,527.0,341.0
2024-09-17 09:12:00,2024,septiembre,2240.0,3200.0,1030.0,960.0,0,24,0,0,449.0,448.0
2024-09-18 09:24:00,2024,septiembre,1930.0,3250.0,1390.0,1320.0,0,82,2,0,424.0,582.0
2024-09-19 11:50:00,2024,septiembre,1960.0,3250.0,1360.0,1290.0,0,82,4,0,302.0,388.0
2024-09-20 08:00:00,2024,septiembre,2300.0,3300.0,1070.0,1000.0,0,0,5,0,437.0,312.0
2024-09-21 11:58:00,2024,septiembre,2370.0,3100.0,800.0,730.0,0,0,2,0,398.0,275.0
2024-09-22 09:33:00,2024,septiembre,2290.0,3100.0,880.0,810.0,0,82,6,1,372.0,278.0
2024-09-23 09:15:00,2024,septiembre,2320.0,3200.0,950.0,880.0,0,82,0,0,476.0,316.0
2024-09-24 11:48:00,2024,septiembre,2275.0,3200.0,995.0,925.0,0,28,0,0,498.0,281.0
2024-09-25 09:15:00,2024,septiembre,2220.0,3000.0,850.0,780.0,0,21,0,0,541.0,605.0
2024-09-26 08:35:00,2024,septiembre,2185.0,2950.0,835.0,765.0,0,21,0,0,537.0,522.0
2024-09-27 10:05:00,2024,septiembre,2005.0,3150.0,1215.0,1145.0,0,71,3,1,494.0,521.0
2024-09-28 09:26:00,2024,septiembre,2099.0,3250.0,1221.0,1151.0,0,23,0,0,559.0,572.0
2024-09-29 08:27:00,2024,septiembre,2092.0,3300.0,1278.0,1208.0,0,65,0,0,546.0,556.0
2024-09-30 09:17:00,2024,septiembre,2260.0,3300.0,1110.0,1040.0,0,73,0,0,512.0,594.0
2024-10-01 09:14:00,2024,octubre,2170.0,3280.0,1180.0,1110.0,0,82,2,0,500.0,285.0
2024-10-02 09:33:00,2024,octubre,2195.0,3350.0,1225.0,1155.0,0,82,0,0,456.0,450.0
2024-10-02 09:33:00,2024,octubre,2195.0,3350.0,1225.0,1155.0,0,56,0,0,456.0,310.0
2024-10-03 08:47:00,2024,octubre,2146.0,3340.0,1264.0,1194.0,0,23,0,0,368.0,307.0
2024-10-04 12:26:00,2024,octubre,2224.0,3240.0,1086.0,1016.0,0,64,0,0,368.0,401.0
2024-10-05 09:49:00,2024,octubre,2180.0,3250.0,1140.0,1070.0,0,85,5,2,383.0,322.0
2024-10-06 09:23:00,2024,octubre,2155.0,3200.0,1115.0,1045.0,0,19,5,2,416.0,485.0
2024-10-07 08:11:00,2024,octubre,2220.0,3300.0,1150.0,1080.0,0,65,3,2,383.0,274.0
2024-10-08 08:14:00,2024,octubre,2265.0,3350.0,1155.0,1085.0,0,64,2,0,553.0,265.0
2024-10-09 09:14:00,2024,octubre,2280.0,3350.0,1140.0,1070.0,0,19,0,0,550.0,187.0
2024-10-10 09:27:00,2024,octubre,2185.0,3350.0,1235.0,1165.0,0,64,0,0,586.0,370.0
2024-10-11 08:32:00,2024,octubre,2175.0,3350.0,1245.0,1175.0,0,65,0,0,604.0,550.0
2024-10-12 10:27:00,2024,octubre,2240.0,3400.0,1220.0,1150.0,0,0,0,0,635.0,350.0
2024-10-13 08:03:00,2024,octubre,2070.0,3300.0,1300.0,1230.0,0,16,0,0,540.0,350.0
2024-10-14 09:56:00,2024,octubre,2060.0,3360.0,1370.0,1300.0,0,65,0,0,366.0,402.0
2024-10-15 09:26:00,2024,octubre,1992.0,3300.0,1378.0,1308.0,0,73,0,0,419.0,606.0
2024-10-16 08:23:00,2024,octubre,2005.0,3380.0,1445.0,1375.0,0,14,0,0,407.0,222.0
2024-10-17 09:17:00,2024,octubre,1692.0,3300.0,1678.0,1608.0,0,0,0,0,441.0,325.0
2024-10-18 08:45:00,2024,octubre,1705.0,3200.0,1565.0,1495.0,0,15,4,3,439.0,335.0
2024-10-23 09:21:00,2024,octubre,1978.0,2950.0,1042.0,972.0,0,64,4,2,629.0,95.0
2024-10-24 08:59:00,2024,octubre,1990.0,3050.0,1060.0,990.0,0,67,3,2,724.0,135.0
2024-10-25 10:21:00,2024,octubre,2124.0,3000.0,946.0,876.0,0,82,4,2,545.0,191.0
2024-10-26 10:21:00,2024,octubre,2080.0,2980.0,970.0,900.0,0,85,0,0,498.0,409.0
2024-10-27 08:53:00,2024,octubre,2220.0,3000.0,870.0,800.0,0,49,3,2,526.0,335.0
2024-10-28 09:28:00,2024,octubre,2060.0,3050.0,1060.0,990.0,0,47,0,0,538.0,456.0
2024-10-29 09:28:00,2024,octubre,1902.0,3150.0,1318.0,1248.0,0,82,3,3,538.0,409.0
2024-10-30 11:52:00,2024,octubre,1820.0,3150.0,1400.0,1330.0,0,14,5,3,357.0,406.0
2024-10-31 09:17:00,2024,octubre,1630.0,3150.0,1590.0,1520.0,0,73,6,3,361.0,411.0
2024-11-01 08:33:00,2024,noviembre,1675.0,3200.0,1595.0,1525.0,0,47,7,3,260.0,376.0
2024-11-02 08:37:00,2024,noviembre,1795.0,3100.0,1375.0,1305.0,0,85,0,0,253.0,383.0
2024-11-02 08:37:00,2024,noviembre,1795.0,3100.0,1375.0,1305.0,0,53,0,0,253.0,383.0
2024-11-03 08:13:00,2024,noviembre,1800.0,3150.0,1420.0,1350.0,0,47,0,0,314.0,350.0
2024-11-03 08:13:00,2024,noviembre,1800.0,3150.0,1420.0,1350.0,0,47,5,4,314.0,350.0
2024-11-04 08:33:00,2024,noviembre,1854.0,3150.0,1366.0,1296.0,0,82,0,0,445.0,332.0
2024-11-05 08:54:00,2024,noviembre,1730.0,3100.0,1440.0,1370.0,0,47,4,4,410.0,590.0
2024-11-06 09:42:00,2024,noviembre,1616.0,2900.0,1354.0,1284.0,0,5,0,0,335.0,429.0
2024-11-12 08:54:00,2024,noviembre,1902.0,3000.0,1168.0,1098.0,0,8,0,0,,
2024-11-13 08:44:00,2024,noviembre,1870.0,3200.0,1400.0,1330.0,0,47,2,0,388.0,113.0
2024-11-14 08:51:00,2024,noviembre,1760.0,3020.0,1330.0,1260.0,0,47,6,3,341.0,190.0
2024-11-14 08:51:00,2024,noviembre,1760.0,3020.0,1330.0,1260.0,0,47,6,3,341.0,190.0
2024-11-15 08:11:00,2024,noviembre,1755.0,3000.0,1315.0,1245.0,0,54,2,2,351.0,432.0
2024-11-16 09:48:00,2024,noviembre,1660.0,3100.0,1510.0,1440.0,0,82,5,4,351.0,509.0
2024-11-17 08:22:00,2024,noviembre,1749.0,3100.0,1421.0,1351.0,0,47,2,2,346.0,287.0
2024-11-18 09:23:00,2024,noviembre,1771.0,3100.0,1399.0,1329.0,0,47,5,4,345.0,437.0
2024-11-19 08:04:00,2024,noviembre,1556.0,3080.0,1594.0,1524.0,0,47,5,5,342.0,387.0
2024-11-20 09:27:00,2024,noviembre,1629.0,3100.0,1541.0,1471.0,0,47,0,2,251.0,197.0
2024-11-21 08:30:00,2024,noviembre,1675.0,3100.0,1495.0,1425.0,0,47,2,2,253.0,216.0
2024-11-22 08:30:00,2024,noviembre,1650.0,3000.0,1420.0,1350.0,0,56,0,2,348.0,213.0
2024-11-23 09:26:00,2024,noviembre,1565.0,2980.0,1485.0,1415.0,0,47,4,4,270.0,251.0
2024-11-24 08:58:00,2024,noviembre,1840.0,2980.0,1230.0,1140.0,1,47,4,4,274.0,204.0
2024-11-25 09:16:00,2024,noviembre,1805.0,3100.0,1365.0,1295.0,0,47,0,4,353.0,236.0
2024-11-26 07:54:00,2024,noviembre,1650.0,3030.0,1450.0,1380.0,0,47,4,6,346.0,229.0
2024-11-27 09:29:00,2024,noviembre,1747.0,3180.0,1503.0,1433.0,0,84,2,4,356.0,228.0
2024-11-28 09:51:00,2024,noviembre,1840.0,3160.0,1390.0,1320.0,0,47,2,4,427.0,226.0
2024-11-29 09:11:00,2024,noviembre,1710.0,3200.0,1580.0,1510.0,0,54,2,4,427.0,307.0
2024-11-30 09:57:00,2024,noviembre,1769.0,3180.0,1481.0,1411.0,0,47,3,5,316.0,306.0
2024-12-01 08:55:00,2024,diciembre,1814.0,3180.0,1436.0,1366.0,0,47,3,5,294.0,313.0
2024-12-02 09:12:00,2024,diciembre,1818.0,3250.0,1502.0,1432.0,0,50,3,5,297.0,295.0
2024-12-03 09:38:00,2024,diciembre,1554.0,3080.0,1596.0,1526.0,0,51,4,5,244.0,308.0
2024-12-05 08:36:00,2024,diciembre,1645.0,3050.0,1475.0,1405.0,0,82,6,5,321.0,145.0
2024-12-06 08:40:00,2024,diciembre,1745.0,3100.0,1425.0,1355.0,0,82,4,5,281.0,158.0
2024-12-07 08:36:00,2024,diciembre,1566.0,3050.0,1554.0,1484.0,0,46,4,5,251.0,392.0
2024-12-08 09:10:00,2024,diciembre,1850.0,3050.0,1270.0,1200.0,0,47,3,5,294.0,283.0
2024-12-09 08:33:00,2024,diciembre,1765.0,3080.0,1385.0,1315.0,0,47,3,5,280.0,303.0
2024-12-10 08:56:00,2024,diciembre,1695.0,3150.0,1525.0,1455.0,0,56,4,7,257.0,398.0
2024-12-11 10:02:00,2024,diciembre,1970.0,3150.0,1250.0,1180.0,0,56,3,5,278.0,355.0
2024-12-12 11:47:00,2024,diciembre,1974.0,3150.0,1246.0,1176.0,0,75,0,2,305.0,244.0
2024-12-13 09:45:00,2024,diciembre,1995.0,3020.0,1095.0,1025.0,0,47,5,4,240.0,249.0
2024-12-14 09:43:00,2024,diciembre,1892.0,3020.0,1198.0,1128.0,0,53,4,4,284.0,339.0
2024-12-15 09:02:00,2024,diciembre,1740.0,3000.0,1330.0,1260.0,0,82,2,2,234.0,359.0
2024-12-16 08:52:00,2024,diciembre,1885.0,3050.0,1235.0,1165.0,0,47,3,5,339.0,274.0
2024-12-17 10:53:00,2024,diciembre,1940.0,3050.0,1180.0,1110.0,0,66,3,5,274.0,329.0
2024-12-18 09:42:00,2024,diciembre,1700.0,3200.0,1570.0,1500.0,0,0,0,2,296.0,558.0
2024-12-19 08:09:00,2024,diciembre,1559.0,3200.0,1711.0,1641.0,0,47,2,6,242.0,638.0
2024-12-20 08:51:00,2024,diciembre,1695.0,3150.0,1525.0,1455.0,0,47,3,6,213.0,682.0
2024-12-21 09:15:00,2024,diciembre,1660.0,3080.0,1490.0,1420.0,0,47,3,5,264.0,480.0
2024-12-21 09:15:00,2024,diciembre,1660.0,3080.0,1490.0,1420.0,0,47,3,5,264.0,480.0
2024-12-22 08:52:00,2024,diciembre,1917.0,3050.0,1203.0,1133.0,0,47,3,5,257.0,703.0
2024-12-23 09:30:00,2024,diciembre,1777.0,3120.0,1413.0,1343.0,0,47,3,5,263.0,482.0
2024-12-24 09:37:00,2024,diciembre,1736.0,2980.0,1314.0,1244.0,0,64,4,5,209.0,519.0
2024-12-25 09:53:00,2024,diciembre,1870.0,3080.0,1280.0,1210.0,0,82,3,4,293.0,562.0
2024-12-26 09:33:00,2024,diciembre,1880.0,3150.0,1340.0,1270.0,0,64,2,4,321.0,430.0
2024-12-27 09:12:00,2024,diciembre,1909.0,3150.0,1311.0,1241.0,0,60,2,4,323.0,398.0
2024-12-28 08:46:00,2024,diciembre,2005.0,3100.0,1165.0,1095.0,0,47,2,4,339.0,640.0
2024-12-29 09:18:00,2024,diciembre,2100.0,3100.0,1070.0,1000.0,0,72,0,2,288.0,325.0
2024-12-30 09:05:00,2024,diciembre,2110.0,3150.0,1110.0,1040.0,0,82,0,2,293.0,248.0
2024-12-31 09:29:00,2024,diciembre,2375.0,2600.0,295.0,225.0,0,0,0,2,344.0,300.0
2025-01-01 08:57:00,2025,enero,2275.0,2450.0,245.0,175.0,1,43,0,2,323.0,151.1
2025-01-02 08:41:00,2025,enero,2200.0,2700.0,570.0,500.0,0,68,4,4,277.0,209.0
2025-01-03 08:22:00,2025,enero,2211.0,2800.0,659.0,589.0,0,47,0,4,319.0,305.0
2025-01-04 08:43:00,2025,enero,2170.0,2900.0,800.0,730.0,0,56,3,4,285.0,230.0
2025-01-05 09:19:00,2025,enero,2127.0,2700.0,693.0,623.0,0,47,4,4,263.0,260.0
2025-01-06 08:21:00,2025,enero,2130.0,3000.0,940.0,870.0,0,47,3,4,276.0,205.0
2025-01-08 08:56:00,2025,enero,2130.0,3100.0,1040.0,970.0,0,64,2,4,293.0,195.0
2025-01-09 09:27:00,2025,enero,2200.0,2900.0,770.0,700.0,0,64,0,4,235.0,203.0
2025-01-10 10:09:00,2025,enero,,,805.0,735.0,0,86,0,0,,
2025-01-11 10:55:00,2025,enero,2200.0,,770.0,700.0,0,-1,0,0,,
2025-01-12 09:39:00,2025,enero,2100.0,2950.0,920.0,850.0,0,0,0,4,282.0,243.0
2025-01-13 10:05:00,2025,enero,2110.0,3000.0,960.0,890.0,0,50,1,5,335.0,239.0
2025-01-14 08:22:00,2025,enero,2055.0,3120.0,1135.0,1065.0,0,82,2,5,285.0,182.0
2025-01-15 09:12:00,2025,enero,2081.0,3240.0,1229.0,1159.0,0,73,1,5,340.0,212.0
2025-01-16 09:46:00,2025,enero,2020.0,3250.0,1300.0,1230.0,1,0,1,5,344.0,169.0
2025-01-18 08:43:00,2025,enero,2100.0,3200.0,1170.0,1100.0,0,0,1,5,451.0,323.0
2025-01-19 08:57:00,2025,enero,1750.0,3100.0,1420.0,1350.0,0,83,3,5,275.0,276.0
2025-01-20 09:22:00,2025,enero,1640.0,3250.0,1680.0,1610.0,0,65,0,2,251.0,296.0
2025-01-21 10:21:00,2025,enero,1720.0,3250.0,1600.0,1530.0,0,0,4,4,255.0,285.0
2025-01-22 09:30:00,2025,enero,2080.0,3280.0,1270.0,1200.0,0,64,1,4,363.0,208.0
2025-01-24 10:20:00,2025,enero,2100.0,3050.0,1020.0,950.0,0,73,0,2,386.0,178.0
2025-01-25 09:59:00,2025,enero,2010.0,3000.0,1060.0,990.0,0,82,1,4,392.0,278.0
2025-01-29 10:16:00,2025,enero,1925.0,3220.0,1365.0,1295.0,0,78,2,4,359.0,409.0
2025-02-01 09:31:00,2025,febrero,1765.0,3200.0,1505.0,1435.0,0,82,2,5,277.0,431.0
2025-02-03 11:36:00,2025,febrero,1825.0,3300.0,1545.0,1475.0,0,0,0,2,265.0,284.0
2025-02-04 09:07:00,2025,febrero,1706.0,3350.0,1714.0,1644.0,0,82,0,2,151.0,340.0
2025-02-05 09:39:00,2025,febrero,1685.0,3250.0,1630.0,1560.0,0,35,0,2,160.0,342.0
2025-02-06 09:45:00,2025,febrero,1675.0,3180.0,1575.0,1505.0,0,0,0,2,193.0,279.0
2025-02-07 09:38:00,2025,febrero,1814.0,3180.0,1436.0,1366.0,0,0,0,2,342.0,305.0
2025-02-08 09:22:00,2025,febrero,2005.0,3300.0,1365.0,1295.0,0,36,0,2,325.0,411.0
2025-02-09 09:13:00,2025,febrero,1898.0,3200.0,1372.0,1302.0,1,38,0,2,492.0,350.0
2025-02-10 08:28:00,2025,febrero,1845.0,3300.0,1525.0,1455.0,0,0,2,4,411.0,421.0
2025-02-11 08:49:00,2025,febrero,1960.0,3350.0,1460.0,1390.0,0,73,0,2,390.0,333.0
2025-02-12 09:54:00,2025,febrero,1490.0,3290.0,1870.0,1800.0,0,46,2,2,250.0,407.0
2025-02-13 09:11:00,2025,febrero,1460.0,3200.0,1810.0,1740.0,0,0,6,4,235.0,340.0
2025-02-14 08:48:00,2025,febrero,1735.0,3100.0,1435.0,1365.0,0,82,3,4,331.0,374.0
2025-02-15 10:01:00,2025,febrero,1735.0,3100.0,1435.0,1365.0,0,82,3,4,331.0,374.0
2025-02-16 09:16:00,2025,febrero,1840.0,3250.0,1480.0,1410.0,0,0,2,2,290.0,251.0
2025-02-17 08:30:00,2025,febrero,1830.0,3280.0,1520.0,1450.0,0,0,2,2,293.0,330.0
2025-02-18 08:46:00,2025,febrero,1800.0,3350.0,1620.0,1550.0,0,73,2,2,272.0,441.0
2025-02-19 08:31:00,2025,febrero,1590.0,3200.0,1680.0,1610.0,0,14,4,4,325.0,468.0
2025-02-20 09:53:00,2025,febrero,1810.0,3250.0,1510.0,1440.0,0,82,4,4,396.0,200.0
2025-02-21 09:39:00,2025,febrero,1756.0,3250.0,1564.0,1494.0,1,43,2,4,438.0,418.0
2025-02-22 09:31:00,2025,febrero,1603.0,3090.0,1557.0,1487.0,0,46,5,4,438.0,398.0
2025-02-23 11:33:00,2025,febrero,1590.0,3150.0,1630.0,1560.0,0,83,7,4,250.0,520.0
2025-02-24 08:51:00,2025,febrero,1484.0,3150.0,1736.0,1666.0,0,-1,2,2,392.0,582.0
2025-02-25 09:54:00,2025,febrero,1558.0,3080.0,1592.0,1522.0,0,64,2,2,392.0,422.0
2025-02-26 09:40:00,2025,febrero,1629.0,3200.0,1641.0,1571.0,0,37,2,2,360.0,566.0
2025-02-27 09:42:00,2025,febrero,1720.0,3200.0,1550.0,1480.0,0,0,2,2,367.0,503.0
2025-02-28 09:01:00,2025,febrero,1695.0,3250.0,1625.0,1555.0,0,73,5,4,310.0,522.0
2025-03-01 09:07:00,2025,marzo,1745.0,3250.0,1575.0,1505.0,0,73,0,2,419.0,489.0
2025-03-02 10:23:00,2025,marzo,1908.0,3150.0,1312.0,1242.0,0,0,0,4,501.0,507.0
2025-03-03 08:53:00,2025,marzo,1723.0,3250.0,1597.0,1527.0,0,82,0,2,438.0,816.0
2025-03-04 08:52:00,2025,marzo,1593.0,3200.0,1677.0,1607.0,0,84,0,2,430.0,571.0
2025-03-05 09:06:00,2025,marzo,1624.0,3280.0,1726.0,1656.0,0,0,0,2,375.0,514.0
2025-03-06 08:59:00,2025,marzo,1926.0,3200.0,1344.0,1274.0,0,0,0,2,385.0,501.0
2025-03-07 09:12:00,2025,marzo,1930.0,3250.0,1390.0,1320.0,0,0,0,2,403.0,782.0
2025-03-08 09:10:00,2025,marzo,1851.0,3250.0,1469.0,1399.0,0,46,3,5,343.0,312.0
2025-03-09 09:55:00,2025,marzo,1820.0,3050.0,1300.0,1230.0,0,82,3,5,343.0,261.0
2025-03-10 09:10:00,2025,marzo,1760.0,3200.0,1510.0,1440.0,0,64,3,5,343.0,383.0
2025-03-11 09:23:00,2025,marzo,1860.0,3200.0,1410.0,1340.0,0,0,0,2,409.0,354.0
2025-03-12 10:39:00,2025,marzo,1775.0,3000.0,1295.0,1225.0,0,0,0,2,526.0,451.0
2025-03-13 08:50:00,2025,marzo,1875.0,3250.0,1445.0,1375.0,0,0,0,2,419.0,421.0
2025-03-14 11:01:00,2025,marzo,1940.0,3250.0,1380.0,1310.0,0,-1,0,2,481.0,448.0
2025-03-17 09:24:00,2025,marzo,1995.0,3280.0,1355.0,1285.0,0,82,3,5,481.0,158.0
2025-03-18 09:06:00,2025,marzo,1900.0,3200.0,1370.0,1300.0,0,0,0,2,435.0,176.0
2025-03-20 09:30:00,2025,marzo,1900.0,3200.0,1370.0,1300.0,1,43,0,2,435.0,176.0
2025-03-21 09:23:00,2025,marzo,1980.0,3150.0,1240.0,1170.0,0,0,0,2,,
2025-03-22 09:52:00,2025,marzo,1970.0,3050.0,1150.0,1080.0,0,82,2,5,,
2025-03-23 09:56:00,2025,marzo,1960.0,3020.0,1130.0,1060.0,0,76,0,2,,
2025-03-24 09:26:00,2025,marzo,1897.0,3250.0,1423.0,1353.0,1,43,0,2,332.0,521.0
2025-03-25 10:43:00,2025,marzo,1940.0,3260.0,1390.0,1320.0,1,43,0,2,,
2025-03-26 09:29:00,2025,marzo,1865.0,3200.0,1405.0,1335.0,0,0,0,2,,
2025-03-27 10:04:00,2025,marzo,1835.0,3280.0,1515.0,1445.0,0,17,1,6,,
2025-03-29 10:12:00,2025,marzo,1830.0,3280.0,1520.0,1450.0,0,85,0,4,,
2025-03-30 10:41:00,2025,marzo,1800.0,3300.0,1570.0,1500.0,0,0,0,4,,
2025-03-31 09:55:00,2025,marzo,1990.0,3350.0,1430.0,1360.0,0,73,0,4,341.0,485.0
2025-04-01 10:17:00,2025,abril,1870.0,3380.0,1580.0,1510.0,0,82,2,6,311.0,447.0
2025-04-02 09:30:00,2025,abril,1910.0,3400.0,1560.0,1490.0,0,64,1,8,384.0,460.0
2025-04-03 08:48:00,2025,abril,1975.0,3450.0,1545.0,1475.0,0,0,1,8,464.0,485.0
2025-04-04 10:58:00,2025,abril,1840.0,3450.0,1680.0,1610.0,0,73,0,4,350.0,501.0
2025-04-05 09:47:00,2025,abril,1885.0,3450.0,1635.0,1565.0,0,85,0,4,346.0,565.0
2025-04-06 08:58:00,2025,abril,1905.0,3450.0,1615.0,1545.0,0,73,0,4,366.0,423.0
2025-04-07 10:23:00,2025,abril,1864.0,3500.0,1706.0,1636.0,1,41,3,4,392.0,456.0
2025-04-08 10:31:00,2025,abril,1927.0,3500.0,1643.0,1573.0,0,82,3,4,461.0,307.0
2025-04-09 09:51:00,2025,abril,1930.0,3400.0,1540.0,1470.0,0,0,0,2,394.0,345.0
2025-04-10 09:33:00,2025,abril,1930.0,3400.0,1540.0,1470.0,0,0,0,2,394.0,345.0
2025-04-12 10:11:00,2025,abril,1810.0,3300.0,1560.0,1490.0,0,82,0,2,391.0,553.0
2025-04-13 10:06:00,2025,abril,1930.0,3300.0,1440.0,1370.0,0,0,0,2,391.0,564.0
2025-04-14 08:46:00,2025,abril,1838.0,3250.0,1482.0,1412.0,1,0,0,2,411.0,659.0
2025-04-15 09:13:00,2025,abril,1820.0,3390.0,1640.0,1570.0,0,0,0,4,412.0,619.0
2025-04-16 09:05:00,2025,abril,1731.0,3350.0,1689.0,1619.0,0,21,1,6,358.0,603.0
2025-04-17 09:17:00,2025,abril,1769.0,3400.0,1701.0,1631.0,0,0,0,4,342.0,614.0
2025-04-18 12:04:00,2025,abril,2035.0,3400.0,1435.0,1365.0,0,44,0,0,322.0,627.0
2025-04-19 09:13:00,2025,abril,2035.0,3400.0,1435.0,1365.0,0,70,0,4,322.0,627.0
2025-04-20 08:20:00,2025,abril,1654.0,3350.0,1766.0,1696.0,0,0,2,2,265.0,490.0
2025-04-21 09:27:00,2025,abril,1652.0,3450.0,1858.0,1798.0,0,73,2,4,262.0,466.0
2025-04-22 10:02:00,2025,abril,1752.0,3350.0,1668.0,1598.0,0,82,4,4,232.0,474.0
2025-04-23 10:31:00,2025,abril,1704.0,3350.0,1716.0,1646.0,0,82,2,2,337.0,649.0
2025-04-24 07:59:00,2025,abril,1720.0,3380.0,1730.0,1660.0,0,0,0,2,321.0,700.0
2025-04-25 09:05:00,2025,abril,1650.0,3380.0,1800.0,1730.0,0,0,0,2,399.0,725.0
2025-04-26 11:59:00,2025,abril,1771.0,3400.0,1699.0,1629.0,1,40,3,4,355.0,741.0
2025-04-27 10:09:00,2025,abril,1857.0,3300.0,1513.0,1443.0,0,0,0,2,399.0,656.0
2025-04-28 09:51:00,2025,abril,1947.0,3300.0,1423.0,1353.0,0,-1,0,2,399.0,666.0
2025-04-29 09:29:00,2025,abril,1870.0,3420.0,1620.0,1550.0,0,0,0,2,383.0,706.0
2025-04-30 09:43:00,2025,abril,1940.0,3400.0,1530.0,1460.0,0,0,0,2,368.0,644.0
2025-05-01 11:50:00,2025,mayo,2035.0,3150.0,1185.0,1115.0,0,0,0,2,399.0,558.0
2025-05-02 11:58:00,2025,mayo,2014.0,3350.0,1406.0,1336.0,0,73,0,0,518.0,872.0
2025-05-03 08:39:00,2025,mayo,2053.0,3400.0,1417.0,1347.0,0,73,0,0,488.0,577.0
2025-05-04 11:00:00,2025,mayo,2053.0,3400.0,1417.0,1347.0,0,79,1,0,413.0,573.0
2025-05-05 09:10:00,2025,mayo,1790.0,3400.0,1680.0,1610.0,0,82,3,4,413.0,610.0
2025-05-06 10:03:00,2025,mayo,1875.0,3380.0,1575.0,1505.0,0,0,0,0,301.0,545.0
2025-05-07 09:23:00,2025,mayo,1780.0,3400.0,1690.0,1620.0,0,64,2,3,363.0,545.0
2025-05-08 09:44:00,2025,mayo,1910.0,3380.0,1540.0,1470.0,0,0,0,0,317.0,
2025-05-09 08:27:00,2025,mayo,1858.0,3400.0,1612.0,1542.0,0,0,2,3,338.0,462.0
